player,date,type,description
Anthony Volpe,2026-03-25,Status Change,"New York Yankees placed SS Anthony Volpe on the 10-day injured list retroactive to March 22, 2026. Left shoulder surgery recovery."
Anthony Volpe,2026-04-14,Assigned,New York Yankees sent SS Anthony Volpe on a rehab assignment to Somerset Patriots.
Anthony Volpe,2026-04-21,Assigned,New York Yankees sent SS Anthony Volpe on a rehab assignment to Scranton/Wilkes-Barre RailRiders.
Anthony Volpe,2026-04-28,Assigned,New York Yankees sent SS Anthony Volpe on a rehab assignment to Somerset Patriots.
Anthony Volpe,2026-05-04,Optioned,New York Yankees optioned SS Anthony Volpe to Scranton/Wilkes-Barre RailRiders.
Anthony Volpe,2026-05-12,Recalled,New York Yankees recalled SS Anthony Volpe from Scranton/Wilkes-Barre RailRiders.
Anthony Volpe,2026-08-04,Optioned,New York Yankees optioned SS Anthony Volpe to Scranton/Wilkes-Barre RailRiders.
Anthony Volpe,2026-09-10,Recalled,New York Yankees recalled SS Anthony Volpe from Scranton/Wilkes-Barre RailRiders.
Ben Rice,2026-07-13,Status Change,American League All-Stars activated 1B Ben Rice.
Jasson Dominguez,2026-03-20,Status Change,Scranton/Wilkes-Barre RailRiders activated LF Jasson Domínguez.
Jasson Dominguez,2026-03-20,Optioned,New York Yankees optioned LF Jasson Domínguez to Scranton/Wilkes-Barre RailRiders.
Jasson Dominguez,2026-04-27,Recalled,New York Yankees recalled LF Jasson Domínguez from Scranton/Wilkes-Barre RailRiders.
Jasson Dominguez,2026-05-08,Status Change,New York Yankees placed LF Jasson Domínguez on the 10-day injured list. Left shoulder AC joint sprain.
Jasson Dominguez,2026-06-05,Assigned,New York Yankees sent LF Jasson Domínguez on a rehab assignment to Scranton/Wilkes-Barre RailRiders.
Jasson Dominguez,2026-06-13,Status Change,New York Yankees activated LF Jasson Domínguez from the 10-day injured list.
Jasson Dominguez,2026-08-04,Optioned,New York Yankees optioned RF Jasson Domínguez to Scranton/Wilkes-Barre RailRiders.
Jasson Dominguez,2026-09-05,Recalled,New York Yankees recalled RF Jasson Domínguez from Scranton/Wilkes-Barre RailRiders.
Jasson Dominguez,2026-09-11,Optioned,New York Yankees optioned RF Jasson Domínguez to Scranton/Wilkes-Barre RailRiders.
Jasson Dominguez,2026-09-28,Recalled,New York Yankees recalled RF Jasson Domínguez from Scranton/Wilkes-Barre RailRiders.
Oswald Peraza,2026-04-16,Status Change,Los Angeles Angels activated 3B Oswald Peraza.
