player,season,PA,wOBA,xwOBA,chase,zone_contact,whiff,whiff_96plus
Anthony Volpe,2023,600.0,0.29024980166666664,0.3081379759158961,0.31026252983293556,0.8321870701513068,0.26499552372426144,0.19672131147540983
Anthony Volpe,2024,685.0,0.28735252262773725,0.2771629822996181,0.31724137931034485,0.8676470588235294,0.20610119047619047,0.25149700598802394
Anthony Volpe,2025,593.0,0.2863322782462057,0.300665230531178,0.2682145716573259,0.8328981723237598,0.22161671207992734,0.33088235294117646
Anthony Volpe,2026,246.0,0.2967503821138211,0.28976250000000003,0.27032136105860116,0.8594771241830066,0.22717149220489977,0.23943661971830985
Ben Rice,2024,178.0,0.26875856741573034,0.3375857827567284,0.2185929648241206,0.8658536585365854,0.22822822822822822,0.18518518518518517
Ben Rice,2025,528.0,0.35845821401515154,0.39059521691715837,0.23236889692585896,0.8984126984126984,0.19616685456595265,0.125
Ben Rice,2026,663.0,0.38401277224736047,0.3776139924585219,0.2692055154300722,0.8657718120805369,0.23854796888504753,0.2077922077922078
Jasson Dominguez,2023,33.0,0.403017393939394,0.3631142422662599,0.2857142857142857,0.8292682926829268,0.288135593220339,0.5
Jasson Dominguez,2024,67.0,0.28516549253731344,0.3093383652461938,0.32075471698113206,0.8795180722891567,0.21897810218978103,0.2222222222222222
Jasson Dominguez,2025,428.0,0.31590093691588783,0.30635275442055493,0.33059548254620125,0.8587570621468926,0.24970691676436108,0.16666666666666666
Jasson Dominguez,2026,221.0,0.2791253665158371,0.29154142081447965,0.3893280632411067,0.8968609865470852,0.22142857142857142,0.12903225806451613
Oswald Peraza,2022,57.0,0.371082298245614,0.34455653731787095,0.2345679012345679,0.9166666666666666,0.16455696202531644,0.0
Oswald Peraza,2023,191.0,0.2457244607329843,0.2815981656246184,0.29925187032418954,0.8312236286919832,0.29411764705882354,0.24324324324324326
Oswald Peraza,2024,11.0,0.32913200000000004,0.3332723513513513,0.3333333333333333,0.9230769230769231,0.3,0.5
Oswald Peraza,2025,264.0,0.2139706856060606,0.24732522992365116,0.3313840155945419,0.7972222222222223,0.30754716981132074,0.2857142857142857
Oswald Peraza,2026,369.0,0.2755572249322493,0.2705568590785908,0.4078144078144078,0.8680089485458613,0.2701664532650448,0.1891891891891892
