mlbam_id,name,org,mlb_debut,career_PA,wOBA_first600,label,reached_on
683011,Anthony Volpe,NYY,2023-03-30,2124.0,0.29024980166666664,disappointing,2023-10-01
691176,Jasson Dominguez,NYY,2023-09-01,749.0,0.31614051833333334,solid,2026-06-24
700250,Ben Rice,NYY,2024-06-18,1369.0,0.32986806,solid,2025-08-25
672724,Oswald Peraza,NYY,2022-09-02,892.0,0.26289145666666663,bust,2026-04-24
677592,Everson Pereira,NYY,2023-08-22,286.0,0.25259345104895103,insufficient,
669224,Austin Wells,NYY,2023-09-01,1319.0,0.31250769,solid,2025-05-03
683002,Gunnar Henderson,BAL,2022-08-31,2814.0,0.343048005,star,2023-08-25
668939,Adley Rutschman,BAL,2022-05-21,2561.0,0.3608587733333333,star,2023-05-02
681297,Colton Cowser,BAL,2023-07-05,1386.0,0.31681534833333336,solid,2024-09-19
677008,Heston Kjerstad,BAL,2023-09-14,330.0,0.2789739,insufficient,
676059,Jordan Westburg,BAL,2023-06-26,1026.0,0.33063322666666667,solid,2024-07-19
666134,Nolan Jones,CLE,2022-07-08,1209.0,0.3545185966666667,star,2024-04-21
680757,Steven Kwan,CLE,2022-04-07,3205.0,0.341774645,star,2022-09-27
666310,Bo Naylor,CLE,2022-10-01,1132.0,0.2961660566666667,disappointing,2024-09-18
671289,Tyler Freeman,CLE,2022-08-03,1338.0,0.28896137,disappointing,2024-08-07
677587,Brayan Rocchio,CLE,2023-05-16,1491.0,0.27278743666666666,bust,2025-04-26
681624,Andy Pages,LAD,2024-04-16,1639.0,0.32232727,solid,2025-05-14
681546,James Outman,LAD,2022-07-31,1056.0,0.34910131833333335,star,2024-03-30
678246,Miguel Vargas,LAD,2022-08-03,1855.0,0.2613405366666667,bust,2025-03-30
666139,Josh Lowe,TB,2021-09-08,1853.0,0.32837264499999996,solid,2023-09-01
678554,Curtis Mead,TB,2023-08-04,816.0,0.29303818833333334,disappointing,2026-05-18
691406,Junior Caminero,TB,2023-09-23,1551.0,0.327648435,solid,2025-07-19
671739,Michael Harris II,ATL,2022-05-28,2700.0,0.33892679000000003,solid,2023-06-12
687093,Vaughn Grissom,ATL,2022-08-10,821.0,0.30397494166666666,disappointing,2026-07-27
665506,Cristian Pache,ATL,2020-08-21,612.0,0.23250879833333335,bust,2024-09-15
677594,Julio Rodriguez,SEA,2022-04-08,3232.0,0.3665706866666667,star,2023-04-09
677951,Bobby Witt Jr.,KC,2022-04-07,3321.0,0.314314725,solid,2022-09-29
682998,Corbin Carroll,ARI,2022-08-29,2739.0,0.36280813833333336,star,2023-08-19
682985,Riley Greene,DET,2022-06-18,2656.0,0.30994004333333336,disappointing,2023-05-21
682928,CJ Abrams,SD,2022-04-08,2790.0,0.2821214733333333,disappointing,2023-07-09
682829,Elly De La Cruz,CIN,2023-06-06,2439.0,0.3263639866666667,solid,2024-05-16
694192,Jackson Chourio,MIL,2024-03-29,1723.0,0.33811837666666666,solid,2025-04-03
691785,Marcelo Mayer,BOS,2025-05-24,380.0,0.2691860736842105,insufficient,
679529,Spencer Torkelson,DET,2022-04-08,2721.0,0.27734118666666663,bust,2023-05-25
677941,Jordyn Adams,LAA,2023-08-02,83.0,0.17712843373493978,insufficient,
673962,Josh Jung,TEX,2022-09-09,1760.0,0.3291930983333333,solid,2023-09-27
678662,Ezequiel Tovar,COL,2022-09-23,2224.0,0.30280065333333334,disappointing,2023-09-18
691023,Jordan Walker,STL,2023-03-30,1704.0,0.32366285,solid,2024-09-18
680574,Matt McLain,CIN,2023-05-15,1469.0,0.33608871,solid,2025-05-28
686797,Brooks Lee,MIN,2024-07-03,1339.0,0.2832648616666667,disappointing,2025-08-25
663698,Joey Bart,SF,2020-08-20,1245.0,0.28686676,disappointing,2024-07-12
672284,Jarred Kelenic,SEA,2021-05-13,1565.0,0.2765646133333334,bust,2023-04-14
663611,Nick Madrigal,CHW,2020-07-31,995.0,0.306078585,disappointing,2023-05-01
