early signal,rho,95% CI,p
wOBA,0.36190476190476195,"[0.02, 0.63]",0.03265411913483473
xwOBA,0.29327731092436976,"[-0.02, 0.58]",0.08729035186405322
chase,-0.017927170868347338,"[-0.39, 0.36]",0.9185861197290208
chase_breaking,0.026890756302521007,"[-0.33, 0.38]",0.8781319242035421
chase_offspeed,0.050700280112044825,"[-0.31, 0.42]",0.7723979912559349
zone_contact,-0.21904761904761905,"[-0.49, 0.10]",0.20613672042015108
whiff,0.2641456582633053,"[-0.07, 0.54]",0.1251939096197465
whiff_96plus,0.20532212885154064,"[-0.13, 0.51]",0.23671197746282616
whiff_breaking,0.19805308543561295,"[-0.13, 0.49]",0.2540836171608148
whiff_two_strike,0.3526610644257704,"[0.05, 0.60]",0.03771970697760633
