metric,year-to-year r,r 95% CI,r with next wOBA,next-wOBA 95% CI
wOBA,0.47165746371579115,"[0.38, 0.54]",0.47165746371579115,"[0.38, 0.54]"
xwOBA,0.6593782555799274,"[0.58, 0.72]",0.5310241332336924,"[0.45, 0.60]"
chase,0.8138338415454689,"[0.78, 0.84]",-0.17534603616693265,"[-0.26, -0.10]"
chase_breaking,0.777331908611416,"[0.74, 0.81]",-0.11569764034431745,"[-0.20, -0.03]"
chase_offspeed,0.5909953502258044,"[0.53, 0.65]",-0.1722525858082108,"[-0.25, -0.09]"
zone_swing,0.8109254902438847,"[0.78, 0.84]",0.03168217643713885,"[-0.06, 0.12]"
zone_contact,0.808881493229525,"[0.78, 0.84]",-0.04976059663769744,"[-0.14, 0.04]"
whiff,0.8736616536878106,"[0.85, 0.89]",0.022571666631836275,"[-0.06, 0.11]"
whiff_96plus,0.6277455462051867,"[0.57, 0.68]",0.02827876632594162,"[-0.05, 0.10]"
whiff_breaking,0.7729942687922916,"[0.74, 0.81]",0.008572920209817637,"[-0.08, 0.10]"
whiff_two_strike,0.7880070000174969,"[0.75, 0.82]",-0.027450416586022666,"[-0.11, 0.04]"
