Season,BsR,BsR_rank,wSB,UBR,UBR_rank,SB,CS,OAA,OAA_rank,DRS,DRS_rank
2017,7.518187279754784,7.0,4.663202831055969,0.6999999210238457,19.0,90.0,22.0,19.0,7.0,29.0,12.0
2018,2.1198109399992973,13.0,0.4352794566657394,9.70000009983778,3.0,63.0,21.0,-35.0,26.0,36.0,9.0
2019,-2.1028439165093005,16.0,-1.8007531240582466,0.20000021904706955,16.0,55.0,22.0,-37.0,30.0,-14.0,20.0
2020,-0.21180109064880526,15.0,0.5770470588468015,6.900000214576721,3.0,27.0,7.0,-9.0,23.0,-1.0,19.0
2021,-3.8481894575525075,20.0,-0.0439517165068537,-3.6999996453523636,23.0,63.0,18.0,-22.0,24.0,-41.0,27.0
2022,-6.161446533398703,24.0,1.1879252060316503,-8.700000487267971,27.0,102.0,33.0,21.0,5.0,124.0,1.0
2023,-11.591811523772776,28.0,-2.9717964148148894,-8.499999776482582,26.0,100.0,30.0,2.0,12.0,29.0,10.0
2024,-17.14504672732437,30.0,-5.179205894470215,-10.899999588727951,29.0,88.0,26.0,10.0,10.0,31.0,12.0
2025,-4.718548418954015,22.0,1.5404825005680323,,,134.0,38.0,-7.0,18.0,30.0,12.0
2026,3.688062759116292,12.0,2.5246142148971558,,,153.0,49.0,-5.0,17.0,26.0,13.0
